{
    "epoch": [
        1,
        2,
        3,
        4,
        5,
        6,
        7,
        8,
        9,
        10,
        11,
        12,
        13,
        14,
        15,
        16,
        17,
        18,
        19,
        20,
        21,
        22,
        23,
        24,
        25,
        26,
        27,
        28,
        29,
        30,
        31,
        32,
        33,
        34,
        35,
        36,
        37,
        38,
        39,
        40,
        41,
        42,
        43,
        44,
        45,
        46,
        47
    ],
    "train_loss": [
        1.6686397010547804,
        1.6076622555119677,
        1.5637490967375918,
        1.5381806330842656,
        1.5163583399815246,
        1.4969889385713022,
        1.4796214467001838,
        1.4645358370704336,
        1.451002638982026,
        1.4388700412673636,
        1.4284229843033238,
        1.4193785252136872,
        1.4114690208894891,
        1.4044194286776466,
        1.398558659674017,
        1.3931642642331998,
        1.3887513661844415,
        1.3846208687958996,
        1.3810588358057423,
        1.3778073271823807,
        1.374980121300904,
        1.3724283125338839,
        1.3702902210963652,
        1.3682797191751885,
        1.3665889319119737,
        1.3651477472943943,
        1.3637150215072313,
        1.3625084761617468,
        1.3614429254172133,
        1.3605570564133804,
        1.3596929902298138,
        1.358918137484579,
        1.358247222573845,
        1.3576281268236923,
        1.3571125902322814,
        1.356622051642625,
        1.3561738081363726,
        1.3557978594762967,
        1.3554938083601877,
        1.3552010336978124,
        1.35492423941323,
        1.3547171505255384,
        1.3545428864745184,
        1.3544021328998492,
        1.3542991433379934,
        1.35421653688827,
        1.3541608646599337
    ],
    "val_loss": [
        1.6142780165900206,
        1.5642800818909621,
        1.537053046726129,
        1.5150470714796995,
        1.4941142808426833,
        1.4747958253849958,
        1.4584764700163817,
        1.444729497634313,
        1.4321269642342542,
        1.4214373077978109,
        1.4113006379236197,
        1.4029170673121427,
        1.3964409079183553,
        1.3895937483538603,
        1.3841705824960684,
        1.3796412210692381,
        1.3748711835373855,
        1.3717813353766417,
        1.3684347476591086,
        1.365270088218591,
        1.3629992868532157,
        1.3605840932358717,
        1.358540416859529,
        1.3574867751230215,
        1.3569452818263983,
        1.355218992732904,
        1.3537192653645491,
        1.3531542982686973,
        1.3516252901185966,
        1.3515680607189153,
        1.3508811082471823,
        1.3495092194308256,
        1.3498587514986014,
        1.3491047154892897,
        1.3490794148076986,
        1.3490215908516858,
        1.3479235391844724,
        1.3477661456693624,
        1.3486788447727178,
        1.347752247356317,
        1.3476786296595549,
        1.3477074589361167,
        1.347560990952394,
        1.348017592333696,
        1.3476468208958123,
        1.3477537419427847,
        1.34767035653486
    ],
    "object_iou": [
        0.01490465029524993,
        0.02120024362246942,
        0.02162288587760634,
        0.021007743768439485,
        0.022381697160790352,
        0.022827149089044433,
        0.022972022679273788,
        0.02027269819512122,
        0.015781883889829332,
        0.011426663371181001,
        0.009054008489297716,
        0.006353312082704153,
        0.004589925623743439,
        0.002474124872727133,
        0.0017909568924154018,
        0.0006144393231729043,
        0.00030864197483234263,
        0.00015479876137028056,
        0.0,
        0.0,
        0.0,
        0.0,
        0.0,
        0.0,
        0.0,
        0.0,
        0.0,
        0.0,
        0.0,
        0.0,
        0.0,
        0.0,
        0.0,
        0.0,
        0.0,
        0.0,
        0.0,
        0.0,
        0.0,
        0.0,
        0.0,
        0.0,
        0.0,
        0.0,
        0.0,
        0.0,
        0.0
    ],
    "road_iou": [
        0.04533491654150703,
        0.047690414993484136,
        0.05796497623332485,
        0.07127077747003949,
        0.09979246386390665,
        0.15564343552509358,
        0.1977048052453247,
        0.2174126863238338,
        0.22391465939316282,
        0.22287405271523958,
        0.2255109011695326,
        0.230701895346143,
        0.23931197664507523,
        0.2453355054802948,
        0.25252687884143177,
        0.25718206212762545,
        0.2600281565143736,
        0.27076707977357833,
        0.2734379972922131,
        0.27615188838033394,
        0.2792465172517095,
        0.28051780043404534,
        0.2860575475547437,
        0.28636508504571206,
        0.29295154511707666,
        0.2878164224758191,
        0.2885420949036327,
        0.2905426680876933,
        0.28354583255281857,
        0.2888482007572621,
        0.2923565602575886,
        0.28508759207346146,
        0.29304464413446807,
        0.28579617622242925,
        0.28719844572175246,
        0.2870039177316831,
        0.28373426001011914,
        0.28455437069413547,
        0.2825374220924703,
        0.28451780326523346,
        0.28563577140537,
        0.2857970756773368,
        0.2849613851072209,
        0.28844472287053635,
        0.2857637618386221,
        0.28917570128976006,
        0.2871667948496218
    ],
    "position_error": [],
    "precision": [
        0.33529142346762486,
        0.33529142346762486,
        0.33529142346762486,
        0.33529142346762486,
        0.33529142346762486,
        0.33529142346762486,
        0.33529142346762486,
        0.33529142346762486,
        0.33529142346762486,
        0.33529142346762486,
        0.33529142346762486,
        0.33529142346762486,
        0.33529142346762486,
        0.33529142346762486,
        0.33529142346762486,
        0.33529142346762486,
        0.33529142346762486,
        0.33529142346762486,
        0.33529142346762486,
        0.33529142346762486,
        0.33529142346762486,
        0.33529142346762486,
        0.33529142346762486,
        0.33529142346762486,
        0.33529142346762486,
        0.33529142346762486,
        0.33529142346762486,
        0.33529142346762486,
        0.33529142346762486,
        0.33529142346762486,
        0.33529142346762486,
        0.33529142346762486,
        0.33529142346762486,
        0.33529142346762486,
        0.33529142346762486,
        0.33529142346762486,
        0.33529142346762486,
        0.33529142346762486,
        0.33529142346762486,
        0.33529142346762486,
        0.33529142346762486,
        0.33529142346762486,
        0.33529142346762486,
        0.33529142346762486,
        0.33529142346762486,
        0.33529142346762486,
        0.33529142346762486
    ],