{
    "epoch": [
        51,
        52,
        53,
        54,
        55,
        56,
        57,
        58,
        59,
        60,
        61,
        62,
        63,
        64,
        65,
        66,
        67,
        68,
        69,
        70,
        71,
        72
    ],
    "train_loss": [
        2.123463378813175,
        2.0537924512886083,
        1.9890348922126566,
        1.9534047791399636,
        1.9197679537945063,
        1.895579148702381,
        1.8853995026685868,
        1.8817478768192806,
        1.8814069389962231,
        1.8797621856108875,
        1.8796756758951219,
        1.8785192425959383,
        1.8785390870310938,
        1.8777213605717396,
        1.8774500176907156,
        1.8770682122223654,
        1.8765741962604792,
        1.8758885717616063,
        1.8757842117585821,
        1.8752994771712097,
        1.8746427198537265,
        1.873919446360377
    ],
    "val_loss": [
        2.0604194817735872,
        1.9726085705353937,
        1.9379454863860333,
        1.9033744988634311,
        1.8731701044037066,
        1.8530131732716284,
        1.8466456977321826,
        1.8480914270176612,
        1.8456940872266017,
        1.843638553996297,
        1.8449723707183323,
        1.8445927017971002,
        1.8436201559051,
        1.8438048312111817,
        1.844492809627863,
        1.8443728381439173,
        1.844108501975151,
        1.8449093667461596,
        1.8440449854030334,
        1.8459322219385825,
        1.8449843549772225,
        1.845924912173959
    ],
    "object_iou": [
        0.0,
        0.0,
        0.0,
        0.0,
        0.0,
        0.0,
        0.0,
        0.0,
        0.0,
        0.0,
        0.0,
        0.0,
        0.0,
        0.0,
        0.0,
        0.0,
        0.0,
        0.0,
        0.0,
        0.0,
        0.0,
        0.0
    ],
    "road_iou": [
        7.251631611855234e-05,
        0.0,
        0.0,
        0.0023282088807587706,
        0.013550251720213327,
        0.23759503044004449,
        0.266201226544217,
        0.2649318704100933,
        0.25112388462151713,
        0.27851379956314604,
        0.2845870740032556,
        0.20216730541074637,
        0.2852937842374281,
        0.28105848949364903,
        0.3025971924108656,
        0.2953357784844517,
        0.2733045179313453,
        0.28479152560469606,
        0.2764429150442039,
        0.2793869127070788,
        0.23981386703480928,
        0.28942158755437675
    ],
    "position_error": [],
    "precision": [
        0.33529142346762486,
        0.33529142346762486,
        0.33529142346762486,
        0.33529142346762486,
        0.33529142346762486,
        0.33529142346762486,
        0.33529142346762486,
        0.33529142346762486,
        0.33529142346762486,
        0.33529142346762486,
        0.33529142346762486,
        0.33529142346762486,
        0.33529142346762486,
        0.33529142346762486,
        0.33529142346762486,
        0.33529142346762486,
        0.33529142346762486,
        0.33529142346762486,
        0.33529142346762486,
        0.33529142346762486,
        0.33529142346762486,
        0.33529142346762486
    ],
    "recall": [
        0.21163919884175905,
        0.21163919884175905,
        0.21163919884175905,
        0.21163919884175905,
        0.21163919884175905,
        0.21163919884175905,
        0.21163919884175905,
        0.21163919884175905,
        0.21163919884175905,
        0.21163919884175905,
        0.21163919884175905,
        0.21163919884175905,
        0.21163919884175905,
        0.21163919884175905,
        0.21163919884175905,
        0.21163919884175905,
        0.21163919884175905,
        0.21163919884175905,
        0.21163919884175905,
        0.21163919884175905,
        0.21163919884175905,
        0.21163919884175905
    ],
    "ssim": [
        0.03590258210897446,
        0.03217388689517975,
        0.045425016433000565,
        0.0012311567552387714,
        0.0345073863863945,
        0.06517873704433441,
        0.049802638590335846,
        0.02959994412958622,
        0.06921640783548355,
        0.13819916546344757,
        0.07259891927242279,
        0.1821608990430832,
        0.1666105091571808,
        0.1332405060529709,
        0.1174965649843216,
        0.13664257526397705,
        0.17581763863563538,
        0.1185462698340416,
        0.15390551090240479,
        0.1608256995677948,
        0.16918984055519104,
        0.10918911546468735
    ],
    "object_mse": [
        0.019334999844431877,
        0.019334999844431877,
        0.019334999844431877,
        0.019334999844431877,
        0.019334999844431877,
        0.019334999844431877,
        0.019334999844431877,
        0.019334999844431877,
        0.019334999844431877,
        0.019334999844431877,
        0.019334999844431877,
        0.019334999844431877,
        0.019334999844431877,
        0.019334999844431877,
        0.019334999844431877,
        0.019334999844431877,
        0.019334999844431877,
        0.019334999844431877,
        0.019334999844431877,
        0.019334999844431877,
        0.019334999844431877,
        0.019334999844431877
    ],
    "position_error_mean": [
        5.697858618462788,
        5.697858618462788,
        5.697858618462788,
        5.697858618462788,
        5.697858618462788,
        5.697858618462788,
        5.697858618462788,
        5.697858618462788,
        5.697858618462788,
        5.697858618462788,
        5.697858618462788,
        5.697858618462788,
        5.697858618462788,
        5.697858618462788,
        5.697858618462788,
        5.697858618462788,
        5.697858618462788,
        5.697858618462788,
        5.697858618462788,
        5.697858618462788,
        5.697858618462788,
        5.697858618462788
    ],
    "position_error_max": [
        8.864909424106504,
        8.864909424106504,
        8.864909424106504,
        8.864909424106504,
        8.864909424106504,
        8.864909424106504,
        8.864909424106504,
        8.864909424106504,
        8.864909424106504,
        8.864909424106504,
        8.864909424106504,
        8.864909424106504,
        8.864909424106504,
        8.864909424106504,
        8.864909424106504,
        8.864909424106504,
        8.864909424106504,
        8.864909424106504,
        8.864909424106504,
        8.864909424106504,
        8.864909424106504,
        8.864909424106504
    ],
    "f1_score": [
        0.24893860465303988,
        0.24893860465303988,
        0.24893860465303988,
        0.24893860465303988,
        0.24893860465303988,
        0.24893860465303988,
        0.24893860465303988,
        0.24893860465303988,
        0.24893860465303988,
        0.24893860465303988,
        0.24893860465303988,
        0.24893860465303988,
        0.24893860465303988,
        0.24893860465303988,
        0.24893860465303988,
        0.24893860465303988,
        0.24893860465303988,
        0.24893860465303988,
        0.24893860465303988,
        0.24893860465303988,
        0.24893860465303988,
        0.24893860465303988
    ]
}